artist,id
ALRAHIM WRIGHT III,ed280621-0a1d-483e-abf1-90d99ffd7369
AFROB,3a99c1de-010b-4a93-a566-d5891c51914d
EL‐P,d9241f5b-721a-4e08-a25a-acd83ed878cc
EMICIDA,7b874216-914f-4f77-b5c4-70f6ff8052ad
EMINEM,b95ce3ff-3d05-4e87-9e01-c97b66af13d4
J DILLA,cbcbb22c-3a8d-46af-b4ba-09c98f0d7931
JAY DEE,439591a7-045d-4f90-86e0-40100506bafd
JIN,7314b02b-4264-4c81-b79d-9e5a702e6270
JOE FLIZZOW,16cd4cda-63ad-4ad7-8ace-c302d6dec2de
K‐OS,3dfb71a2-2e06-4a69-8839-3e1fc07e92ea
LMF,837139a7-d72d-42ac-8609-a0ed1a1f96a2
MANILLIO,0c921431-ad76-4577-bf99-78403d12f6b0
PEDRO FERNANDO,5237eccf-4f58-4ee2-b9ef-b5a02a5eb454
PEZET,0dcb2b7e-8e3a-41ad-a662-811d5902189d
PLAN B,daf84e36-f78e-4c94-a032-6aed138c0d34
RUN THE JEWELS,a80c5dc5-b12e-4667-9f5a-b568961f3839
SIR MIX‐A‐LOT,05539fb8-b7a5-4012-97a9-5e27ddc031fb
TALLMUTE,767d2ec0-378e-410b-8251-21613094c73e
THE ALCHEMIST,03f3deb7-0419-4bf9-a1e7-511946385717
X-ECUTIONERS,9bb0ae46-c22c-499f-915f-9b4fc8d4f767
?UESTLOVE,9436fbf8-5498-43e9-9a8d-eccbe53df6ad
2 KRÜPPEL,3a47b20d-b0e8-4841-84f6-2d94d3adf193
2KRUNCHY,3c9db5e0-530e-4ccf-bc99-cbfa72a7b0dc
2PAC,382f1005-e9ab-4684-afd4-0bdae4ee37f2
3KI STIL,4bcd039b-72a5-4b73-ad5d-dbb5eebfb626
5FORTY2,92beecdc-e876-4124-bf79-637591e5357e
7 ARM'D LABYRINTH,bddb4d23-3a64-46ac-999e-8bffb612e44f
8 BIT,1046770f-efdb-46a6-805d-459e3660a430
28 DAYS,690c818f-a578-4e04-834a-a94dac6e3759
A.J. SHINE,271b9ab1-a18f-475f-b02c-ec7442f5aa08
A.M. SNIPER,f9ef0a51-f112-44a1-9848-bbca44b78a67
ABRADAB,0c87c7fd-8b2e-4da3-a322-e40f2be9e96d
ABS,32c7dc12-c72a-4d75-9880-99cadb57c250
ACTIVE MEMBER,a2d529dd-5b82-43a6-8931-bd77dcee0dd2
AFRO KOLEKTYW,fd85cfd1-597b-49c6-962e-ea8350b0466d
AHLI FIQIR,d056380a-915a-4395-a12d-11eac97290ea
AKETO,8602d379-ba9d-4814-a4f7-7455bcad6d48
AKIL,8b6d2740-f901-49ac-9fbb-c99edbdc4048
AKTIVIST,48eebc1c-75fc-449f-a303-d372f093bd2b
ALFIE,83b6e1c9-078c-4fcd-bf9c-0de04306388a
ALI BAZRCAR,d8a84ce4-721f-4d8d-b7ca-de227d5189f9
ALI BLA BLA,415aa9bf-bc6c-40d1-826f-6441866c29fb
ALYSSA MARIE,7a78513c-e56d-41af-b445-eb060f013613
ANA TIJOUX,3ac6b6fc-05e9-456f-a7d8-6ddf69756d3f
ANDREW BLU,bdc23266-05f3-410a-9233-aeb16ce1a8cb
ANDREYSALO,716a6d1e-4b3e-4f34-a700-65ea609b1419
AOH FAMILY,7fadf6b9-627a-4da7-ba6d-189443cfd64b
AP.9,41dccab1-1e3b-4d18-b51c-57fa58342f89
APE CULT,52c1dffb-4c6e-44d2-bcb4-3052bd33f323
APHROE,a3ddb085-5b5c-4a79-a383-164af9d4981a
APOLLO,303ca0d0-ff46-4e30-8b28-642a5406ee88
ARABIAN KNIGHTZ,95229c86-b746-4c72-9606-521eeb299ba8
ARABYRD,28cda33e-5f23-4a82-9cff-7a7577d5de4b
ARIZ,3acff525-ebb7-46f3-bff2-e0b16dea8b09
ARMANI OF YORK,d9f98e1d-a226-4efd-9fa6-a7894cba8b39
ARTHUR BAKER,6b6c5ce7-7a49-463a-ac9f-ba97c953a77e
ASAVIOUR,f422dcba-c9b4-4a14-ab88-0c05e7ae8a32
ASHLEY WALTERS,83cbe2ac-3da2-42f4-b9fe-77f8eba22c09
ASKURA ALEXANDER SHKURATOV,01e9bb6c-5f1b-4fcb-bfb5-b0be23de66ae
ATHENS400,35bafa95-0e8e-4a8f-ba32-0fa1a516ef6e
ATTITUDE,205d5621-9280-493e-99f6-0ceec3eeae6e
AUTOMATO,2fd46891-f1d1-459d-a42e-1686b0cea51f
AWKWAFINA,f35da7e6-09f1-4dd7-ac7c-bee4c72c3bf5
B.D. FOXMOOR,48f07f59-822e-4168-9575-d3dba1be5128
BABU,92caf313-a918-472d-9feb-50ac01e910d0
BABY BLUE,5f27d00b-9efc-42a6-aff7-e44efdb604a6
BALANCE,a4f77696-d703-4c95-a7c0-350390c84535
BARELY-FREE PARTIAL PRISONERS,b11dea57-fdb7-4853-b2f9-25f290ceae9e
BARRITZ,38127294-dffd-434c-9a9e-e351229f101b
BASMALA,558bcab6-c5bb-4ac0-b1bb-7fc0eddf3c32
BEASTIE BOYS,9beb62b2-88db-4cea-801e-162cd344ee53
BEAT BUTCHA,3d046fe7-7831-41df-b266-acf38c367847
BEAT GRINDERS,645f192a-5c0a-41da-be4c-d8e4ae0fc078
BEERES,a2d79bd7-eae3-40b8-841d-6255f7a0eb96
BËLGA,0e72127e-85ce-49a3-8b8e-0bdc0b0d80af
BELLION BOSS,02aea42e-52c9-49a8-bbff-2822123d7822
BEN BÜDÜ,f4f536b3-d40e-45e9-bad3-c69b78bb7bc1
BEN QUINN,83ae500d-431f-499b-be96-816d385df484
BIG CALO,9a423225-8b1f-4a14-a7cf-ccbc3f31c167
BIG V,2cb97f6d-7024-4562-8777-a5121f0c4ab4
BIGA RANX,1515c76e-333d-43c1-bade-deebcc2028ef
BILDERBUCH,456104db-b21e-46a6-a094-1dd396f4c6a6
BLACK THOUGHT,5f39d33c-a167-4a63-9c44-71d27618b712
BLACK VIOLIN,4961e39f-9e29-428f-8307-c92377aa156d
BLADE,f5b171c9-f6f0-4ee6-bc3f-57d349f92d73
BLAK JACK,ee74db2a-6136-44eb-865a-54dd7a6d3249
BLESS BEATS,64b852f9-fe10-4553-a532-52b0868f4e48
BLISS N ESO,ef57ad48-2ae9-4760-b2ac-492cf7959c48
BLITZ THE AMBASSADOR,290dc7b2-a2f6-4b5b-92c7-f8cf875d057b
BLOCKHEAD,3bd76ebe-c7dc-47bd-a8af-9e46d2a4f782
BLOODY WOODY,9215e2bf-7bc3-45d4-8210-44a84fbb5b10
BLU,bdc23266-05f3-410a-9233-aeb16ce1a8cb
BLUE SCHOLARS,69cd93fd-1c2b-40f5-ae03-7bf4b4213fd3
BOBBY EIGENFELD,f5b6b3d1-6ca5-45a3-b4c1-659a1208c4f4
BOGI95CARITD,dfdf04d1-75f3-40a6-8a5e-381bc8b3d03b
BOHAI,038bf6d0-d487-46ec-9914-2792c660f831
BOOMBOX SAINTS,6fcf6947-fe1b-41b2-89de-7976221f4689
BORN 2 B,ab70336e-1bbe-4a25-bb45-05f0b4d93daf
BRAILLE,0c9bdb05-2656-446a-84ca-36cb9cbf4b78
BRASS KNUCKLE BRASS BAND,eba620bb-aef6-4723-87f2-80e0d6ca619b
BROOKS BUFORD,6f0ca019-44fc-4372-8b83-1c7f09cd24c4
BUTTER BULLETS,93d2f552-1442-4e6e-a7a1-61dc33ff1ff8
BXTH,c8373497-0089-4b36-812c-62eddf57ec95
CAGE,8e0c435a-d7e0-43c4-a99d-808c6a47e1b4
CAGE,8e0c435a-d7e0-43c4-a99d-808c6a47e1b4
CALVIN CRABTREE,43354bf8-6cab-4a90-8e8b-d7782c0b92e6
CANNIBAL OX,38411d0a-5636-46ba-befb-67cca6f4b9c7
CARBON CASCA,493fce3c-1e89-4991-bc4b-6ef1eba757c6
CASEY,1939beed-512a-4dd9-8566-d7a49aedf93a
CAUGHT IN THE CRACK,994bc11c-dcb1-4397-914d-f12fd6dbba96
CB MASS,4032b6fa-4044-4000-a392-05f35c5c7b17
CEELO GREEN,2c69465c-0f76-45ce-90a2-1ed0fdacc997
CELESTAPHONE,9d909509-6814-42a5-98f7-97a535e3aeff
CHANNEL LIVE,87d20af6-c551-4f85-ac2f-7579d2e2f3db
CHARLES ENERO,7fb8691a-19fc-4b87-8e15-4a65ec3cea65
CHEB RUBËN,4be9706b-35a6-48e0-af18-fe2054435639
CHESTER P,4089b37b-293b-4f17-b30e-f822e2f3c24f
CHI QA,7317f751-f78b-4c2e-8358-ecf9afaa3cd8
CHIEF JORDAN,d7644aa9-d873-4b08-9bd6-cdcca967768f
CHOCQUIBTOWN,82297b90-705c-4bb5-81b7-88d83fd1d0b4
CLASS A'Z,5976b199-abd7-496d-b39c-eb45fedb47a5
CLINTY B,c8486ac7-efa4-462d-abde-e595fac2ceae
CLIPSE,e6424fa5-08d3-41c6-96f3-8549f733708c
ČOKOVOKO,2ff83692-cb61-46d1-a78a-e75a262372d9
COLLECTIF BOZ PRODUCTIONZ,6f4053fa-160d-43ce-a4f4-e0b6d3edaa01
COLOR CHANGIN' CLICK,3ab7ac77-306a-4298-a699-301493977b9f
CONRAD KIRA,6c27a10f-742f-4fba-9abe-bbfe4800cd4b
CONTROL MACHETE,38c8254f-ceac-460d-9123-5af2d7a4fc7e
CORVID,88134caf-8ae8-47a5-af79-837e2f7a7bf3
CRADLE ORCHESTRA,ed8b3f7c-6bb6-4335-8c4f-0facd958fdb7
CREEP WOLAND,b8dfa87c-89bc-4cbb-9f6c-f7c11fd6276c
CRIOLO,51af0b6a-083a-4da7-99ee-3a94843269c2
CROWN AND THE M.O.B,4a76c903-95a5-4def-8408-8f3b57509c32
CUTICULA,f7330137-0a5d-41c6-8c4d-7b9463a6eae3
D-BANGERZ,bdd3804c-300a-4fd4-b107-4082fd6d1152
D. ACE,e4a7a8df-1cb7-459b-ad59-7e936727203f
D.P.,cc53d23b-0bfc-4743-a56c-5aebd56c3582
D'NAVIGATOR,59599227-a6e3-4b3b-a333-2d429fc7a138
DA BUSH BABEES,1161e665-6ff7-4565-b549-ed6f17a9e12f
DABO,963f5457-bbf2-4a2e-a5cf-1f586badb839
DAE DAE,1d77e146-b983-469b-9cd7-b59bc8ceb2d9
DAE KIM,f0f00925-35ec-44e2-8dad-5e066db54e8b
DAEREN,999489ed-7083-4685-b247-5eb737a05be9
DAFOUNDAYSHUN,fc690333-8628-442f-a14c-8ae8967d698d
DAHYA,7f211a47-a35d-4195-a298-163ef2dcf2ca
DALY,817037cd-297c-4ddf-88f5-70d3cad32438
DAM,45ddd10c-a6f3-4b2d-a583-12d149c54292
DAMIAN MIKHAIL,c9498ce3-7635-461a-9539-6e40f4f589b6
DAN LE SAC VS. SCROOBIUS PIP,fb8fb96b-e9aa-4cdd-b3b0-b49eaa0f32dd
DAN THE AUTOMATOR,33945eeb-e2d2-4257-a199-661cbadcf8af
DANDEE,755a772b-f383-4540-ae8b-76b6273218d1
DANGER DOPE,ec358d44-a0fd-4def-8550-3aae2d053c0d
DANITSA,0426faab-8367-428f-87d4-de8af0dd0a97
DANNY WILDER,d25dcc4f-d323-40b3-a1b6-8dc672878af0
DAOKO,8627f0c6-7ff3-4dee-b42d-48163e8187db
DARREN KANDLER,9f263a1e-d853-4457-810f-004de04c8b6a
DASH,e14510c5-87ec-4a88-8149-b8f6c5c7233a
DASTA,205153bb-3857-418b-a407-3194daf2c398
DAVID RUSSELL SAMUEL,4d566f7e-4428-4192-b961-8db9b5b10c6b
DE LA SOUL,a8ebde98-7e91-46c7-992c-90039ba42017
DEAD PREZ,3b02795b-bd2c-4aac-8f6c-e581514cc2d8
DEEB,09cdd43c-677c-4b8c-808b-d622cab6ae1e
DEFINE,dac00295-e13a-44e7-93ea-3d9e20a25ede
DELTRON 3030,ce886f30-8b8f-4cc8-b854-3749291350fd
DEMASCUS,0ea3dd78-e11b-4ec5-a0aa-9e5f4658e79b
DER LANGE,406cd452-065e-4536-ada4-2a53081b7362
DESTERRADOS,3cfee34d-3f17-4f5e-bfc0-94d9c69b6ae6
DEXPLICIT,70494149-9aa3-4358-afa7-e87b974466d2
DIABOLOGUM,77efffd3-20b7-4c5d-a66a-8c4908ea2f8b
DIONTÉ BOOM,14105dd1-416e-4f78-a451-9087297ac24c
DIPLO,a56bd8f9-8ef8-4d63-89a4-794ed1360dd2
DIRTY MONK,df70ba3e-28a5-4141-b24e-593971f3d26b
DJ CLIQ,313022c0-e062-4282-8980-63e411cf2d64
DJ CZA,a835a185-44ba-440a-8acf-f1ee0edf4dfe
DJ FOOD,0019749d-ee29-4a5f-ab17-6bfa11deb969
DJ FORMAT,65323ae4-1a49-497f-8f58-ae42b6c05eb6
DJ FUZZ,4f7b0904-3a25-484d-b721-5d2cb98d8520
DJ G-SPOT,06539420-3e37-4b79-946e-ac375e863b7d
DJ IT,e661440a-0541-4f77-a78a-848f7b83a169
DJ KEMO,aafe7399-77a3-475b-8279-a7207cc4f4ab
DJ MARRRTIN,6dc6660a-9b32-46d7-9cff-9cd3493f59b3
DJ MK,f781d3c2-e241-49df-820f-02700e7b2eda
DJ MURCI,aab1a9b0-5a4e-402b-8ca0-748b5d8068ae
DJ POINT,46920ae5-d8e7-4c9f-b294-7ff84ebccfae
DJ SHADOW,efa2c11a-1a35-4b60-bc1b-66d37de88511
DJ SWERVE,d43013ab-4359-4ada-b2cd-975ce3e659ad
DJ YODA,c266a7ab-7b9f-478f-a26d-91c5f8f04c7c
DOLPHINBRAIN,4324395b-b758-4fc7-bd97-bbce75fc95cb
DOMINATION,2dd9a9f8-13a5-43b0-b38a-6f1b2e1e1f83
DONTEE WEAVER,6dc52723-3777-4fb5-a8ba-e1e3fa796ea5
DOOKOOM,b9dfe3b7-6847-4b75-9d27-9a358ee49281
DOPLAMINGO,6decfd9c-3911-4de3-af47-937bd942c768
DORIAN,f80193a3-9db7-438c-b323-09a4d19cee0f
DOSE TWO,5faf00fe-6fe9-4685-9876-4e53427ac3f9
DOUBLE S,ea587ffa-47cd-44bd-adf2-1a5d90ad2165
DPV,3556129b-9a3d-4572-be6f-f59edbe46172
DR. STEEL,b5fde337-9651-42e1-9651-9c44af5371b4
DRAGON ASH,cdc00f5c-5e99-4b64-98f3-5eabda3636cf
DREDD,625e26a8-39a1-4c30-a458-efd410ed150b
DRU BEX,52bc7d96-0c4b-4783-af11-118c718945be
DRUNKEN TIGER,69aa17d9-b9b0-433b-b81d-0033e6f9b7fd
DUB FX,4623daa8-d17f-4e76-a39d-fd22408463f1
DUJEOUS,ec1d7db5-e466-4869-8b3d-9006bcb80dcb
DUMBFOUNDEAD,ab1c48b2-3fd3-446b-9f3a-85d611066a16
DURRTY GOODZ,19a69129-fc12-4850-999e-35ab1ff33fbb
DYLAN THE TEEN,d7cbe551-7ed1-4770-aa42-637fb3ec0c7f
DYSLEXIS,4dce31e0-459c-4d2d-9377-32435b177356
E-DUBBLE,c9c88c71-6c11-491b-bbf7-03b814e5799f
EARZ,f05c1700-e57f-45b2-9602-d3eb837f9c4b
EDDIE FOUNTAIN,384b6ac9-b5f7-429c-99f8-faefa6640671
EDIDION,1fc7f8db-4635-4257-a322-5bb8de42a9ac
EDJACATED PHOOLS,6a35434b-55f5-46a8-ac1d-a11a5b4a5064
EL EJE,d530ea8c-1653-412c-9555-216a10d5b546
ELDORADO FM,7b20a152-0a14-4e65-b32a-44d3ddbb2c83
ELEPHANT REVIVAL,1c9f21b2-1841-4d2f-9fc1-1e17eda19e0a
EMCEE DAVID,a1263c5a-ed09-4bd2-9175-ce15095a9411
EMO-G,54726ec2-d724-4d2f-9786-6bb48bff870b
ERCANDIZE,8c327afb-5a63-4ab5-8683-2baf64cde84f
ESC KEY,c21addaf-fb85-4e08-8604-386b790dc44d
EUSTACHE MCQUEER,11b01d55-7945-44aa-a79f-f97d7c4a060c
EXAMPLE,ddeb3502-8693-4619-b41d-263105f84477
FABO,434e4f98-f164-49eb-9c9c-df0edff1eecb
FACTION G,224397ac-0e9d-4bad-a7d5-59e66ed4e803
FADALI MOHD DARIF,04e51036-b809-4430-91c0-5ea1153289ac
FAITH SFX,a12ff3ae-f3c3-46a4-88a7-728f2df03320
FALLACY,e1d48c05-ae55-46a1-8dbf-ed66cb6ff4fb
FANATIK,6e99844b-fa52-400b-8103-e15f7b717f04
FASHAWN,e65fdcd8-e02d-486b-ba9f-61fca43c37ab
FAST FORWARD,eded0262-d98d-4820-9dcf-1faa7688506e
FAVELA CLÁSSICA,1f9a82a8-8883-408f-9ae9-4efbb0094546
FEM FEL,e9fe2ca7-24dd-46f5-86d0-efeecf49ff9f
FILSUF,f7877b64-daf8-48d3-b8cd-18a6a7badad3
FLIPSYDE,2c8fb177-1465-4586-9e23-6020b9606199
FLOWSIK,13bdb70d-6866-442b-87c8-624fb3c4d471
FLYER,19828bb2-7f88-4064-b63e-40c0a6516dda
FOCUSED FEW,847132a9-534f-409d-a9b1-827e9725573f
FOREIGN BEGGARS,34dd3adc-f118-4106-bfac-71820a804f4c
FORT MINOR,e1564e98-978b-4947-8698-f6fd6f8b0181
FRANKIE KNIGHT,d6bed72e-3dac-42dc-b932-2f7c277b9bfa
FRENKIE,7e76fb69-f8a2-49db-aed1-e7b09e3aec4d
FRESH MOSS,cd14bc84-d6cd-403c-9639-eb14205539b9
FU-TURE,1631fed1-5225-4889-8cb8-9ea2d5b00ad1
FUNKOARS,211c72e8-573e-4c20-9365-993a1bd11dd6
G-SOUL,217522b1-7f34-45d2-84c4-26d515ffaeb1
G.A.N. 665+1,9183c916-9719-4191-9f9d-54ddd982f323
GASOLINE,64118347-58c8-4449-bf26-e7c6a6f4440c
GATA CATTANA,cf65f18b-117f-4429-bfad-602886f6a183
GHETTS,62ffd9ee-13a1-49ed-8721-d07fd0b2f07d
GHOST STYLE,88ce353b-7e64-4f99-b911-88ccca44178a
GIF,8ebea358-7532-45a2-aea7-f7124db48d8e
GIGGS,bb7dd5d7-95e6-46a0-9692-cb99134995b6
GILLI,32c6fc30-3ff9-49ac-bdca-2b4f9418237f
GNAWA DIFFUSION,7c7a623f-18b8-4524-b5b7-15e27418e599
GOLDENWEST,c4812fd1-2811-4699-b0f1-3123d2fba72e
GOLDSAHNE,bf92141f-62e3-4aa4-8e66-3da8834ad9a8
GOLYA GUZMAN,efce6cd3-ec7b-4beb-bd77-f30f73533e58
GRAY MATTER,0d88ad9a-3734-43ec-888a-ae37a5458754
GREENSHOP,38a8c72d-8b19-4768-8885-34d21f9a3939
GREG PORN,1a869b37-e29c-4a33-a93f-0441ed29f5ee
GRIND MUSIC,2f0eb7f7-d8ca-4f3c-b14f-998a0135e18b
GRIZZLE GRIND CREW,4d6e2dd8-816c-4d07-8f5e-04fde491fecc
GUNJAMAN,0ac66304-4cbe-4a7a-912c-4f707a6629ee
GUY,fa209319-6d7b-4a20-b445-62186ec41e0d
HALFWAY HOUSE EMCEES,50bc4554-2a8e-4557-bd44-6e670eb8e4a5
HANDSOME BOY MODELING SCHOOL,c3f99319-52c7-47f2-9631-10bc7cc8c589
HÀNG LÂM TRANG ANH,7e926258-685d-48f8-abd0-a6fe9025210a
HARRY LOVE,f63a7b00-0e97-4bae-b650-943492735e97
HASAN ATIQ,f8cf6cec-a5da-4b64-8c37-da3898ae1a50
HAZE,dbe833d8-a487-4d08-9669-6fd2585d67c0
HAZEL,85365443-53e5-4f0a-8309-3074f6e9f9b4
HEESUN LEE,ca9d3d45-e516-43fc-939a-47125c8a1b55
HIP HOP FOR THE WORLD,ef2470b0-998c-48b2-98e3-dd4947e928fe
HOBSON JOBSON,3638ca6e-45f3-40fe-9c06-a03cf346d3a4
HONA COSTELLO,0ef1a140-9055-46ce-afc4-5c205065abcc
HOPIE SPITSHARD,d96edb61-d3dc-4099-bb6f-7cd692951e61
HUMBLE TIP,181ba9af-78da-4e0a-a689-80371beca82c
HUNNY MADU,7c7d7ad6-65a8-4314-bb5c-8ff015f7662c
HUSTLE GANG,2500e307-4ad1-448d-a430-5ab01ab5c20d
IAMTHEREALAK,5b883d1c-0f19-4016-befc-9ca305785f6b
II MERCURY,56da3090-1c95-4238-852e-6110a6e65257
ILLEGAL,08282e9b-6532-4b8d-8a83-2866cce7814a
ILLEVATE,05ecdc43-0d42-4af4-8970-176ce0c969ab
ILLSTEEZ,66735320-353d-4863-a1b0-409a4d264d55
IMANI COPPOLA,b1b47948-6b3a-427a-9951-1c3be8a2e4dc
IMMORTAL TECHNIQUE,ef4db186-ff43-4708-a713-3ce1e05657a1
INFLUENT,c2322ffb-d558-4013-95ac-9da67d274234
INFNTLP,755d814f-2683-4a6b-813a-83180cb88b08
IRAS,ae5bfd6f-95d1-456e-b218-518a2ae6907e
ISAM B,dede48b3-c037-4ae9-865a-229db6d4a879
J RAS & THE LION,3735cdbe-9a03-480b-b3d0-ca80db082c80
J-COP,bd8f986f-3d82-4899-b504-1cf0b19e0ba4
J-ESSENTIAL,afe92060-0f2a-4753-b73d-c77790860ba0
J-ZONE,5fbb89a9-43e3-4d0c-a702-a60f0ac9f3a1
J. WEST,85855dc5-1143-4651-8ae4-49614e6dc644
"J.DID ""THE KID""",c4b16a07-f180-41f3-8b11-7d78e92297ce
JADAKISS,83735edd-f2a3-41d0-a31d-652bc3cadb3e
JAE MOON,3e54d83a-5607-40dc-8ea0-e83ca4e9b28d
JAGGED EDGE,8b4d99eb-7a54-4648-b299-8e1564d11385
JAMES YANCEY,c9dd9555-dba0-45ba-ab56-28e6a03ab81d
JANICE CORRIDO,cc06a06c-334d-4852-a0e1-e645cb2d5e5c
JAY-P,46b19f7c-661a-4670-9fbf-e7a85607a069
JAZZ CARTIER,f7a3d5b9-1088-46fd-989e-3b2a565bfa79
JBDAPILOT,9b5b853e-8747-4ecc-adb9-1f164ee6f6dd
JEAN GRAE,04aafe35-ad89-48ef-ada6-f95e5a6b8934
JEDI MIND TRICKS,c7732cf8-e9a1-46f1-9133-84d930f3187a
JEHST,ee8dbba0-b236-4847-9162-c5f1ff2c6567
JERZEE THA ICON,15d73ad8-1136-4f43-b0c7-ac9623b476ca
JIMI PRESHA,6e0cd5ff-d230-4c21-b66b-3845d06976e6
JIMMY JITSU,a943dca6-3b15-44d1-9caa-0b04c0da8f1e
JIN HACKMAN,5a3c35a3-0505-4279-ac6a-86c0c9380ee0
JITSVINGER,97a9025b-07a1-45e3-8a61-0419669863d3
JME,57879ca6-44aa-4b75-9a97-b801f57a1331
JOE BUDDHA,0ad9980f-f3f0-44ee-aa91-6816fdda4223
JOHN THAT,7657a672-65e2-40fe-9340-17adab6a7c25
JOSEPH ROYAL,7022d021-04e5-4ee7-8c64-048515dd0817
JT SOUL,0f69bb3a-e945-4e93-bc63-b43e4d0b5f10
JUST BLAZE,e527455c-5f72-4208-b892-22f7271a9305
K.A.A.N.,24d60e23-bee9-4100-912d-35c2ccf8b4de
KALIBER 44,e08f0176-5de9-4452-8d39-00e5ab2429cc
KANO,2bf3971e-8595-4bd2-aace-8a71c42afb66
KARAOKE TUNDRA,89531679-833c-460f-893c-fd377f918395
KARPE DIEM,7d809463-4fc4-4042-8b51-5e2e87a93dc5
KAS SERENITY,c301d9fd-f4cd-4fc0-bc2d-f7b2dc169651
KATAZTROPHEE,dc8a9207-960c-4ef2-ba5e-9aee4b8749bd
KATY X,8546a8c1-5fb8-443a-93ca-e99ae6ece9b8
KAYDA,e281e7fc-5334-4a60-a383-aa7a524df193
KEIM-X-ZELLE,7844cb67-3c13-4ebe-8384-150d644265d2
KEON ROGERS,02a02b7a-dc53-43c9-822e-9b66e043a066
KEVIN BRERETON,df13509f-2c22-42c5-8f8f-56f40d414b40
KEVIN GATES,0c41b966-12e8-4c9b-87ea-af47798987b6
KEVIN LESTER,69dd9914-2c0b-45a8-af22-54cd14bacd39
KID INK,60614320-9caf-4ae4-bded-7140672fdf8a
KILLSTATION,d100076c-3fb2-4854-a1da-315ba216b9a2
KING GORDY,4c2b2a07-fd11-4251-a711-e43a88eb24b2
KINGS OF THE CITY,885ff2a5-4ca9-46ae-815a-00fd571e6804
KINGSLEE DALEY,24cc2453-240b-47d9-a16a-83c001a311a6
KIŠA METAKA,71414631-e8eb-4479-a94d-e2fd57384878
KJ‐52,e1b3b9e9-2d37-4329-b582-08df2b4d6e24
KLASHNEKOFF,6c3d622d-4807-4a71-8ffd-1f4b8b876da0
KLASSY,99a6db56-109e-4989-92e5-cc0a158aa05c
KLG SQWAD,51aa5ebe-4c05-472d-a756-6d7c85040260
KNUCKS,43806ec0-bc26-4df7-8c41-8341d2354c9c
KOBRA AUDIO LABS,775e4252-0bc7-4417-89f0-e5c82b20a854
KOGNITIF,d85ffa71-21c6-48ca-9c95-3d60585273ee
KOKEN,1316683b-076c-404b-90f8-afa3e84541df
KRAFT,bdd86abf-efc1-4831-bb09-479df9116183
KRISTINA SI,4b58c2c2-f063-489c-8b45-6c69c8c79027
KRO,fb68addb-a3b5-4bae-98bd-b5aa4722b738
KUHAN KUNASEGARAN,93ebc68d-7913-4567-9867-3b5e9774d939
KWIZYNE,8e076d44-324a-45b5-ae59-df0d3dfe59c0
KYLE,75b7ef51-0b2c-4e86-978a-b8a98095eed7
KYZA,e00fba26-7ae8-47cf-b488-7f2752523579
L'ŒUF RAIDE,ac4ad93e-cde8-4c9a-80a5-94efa7359a96
LA FANFARE EN PÉTARD,0a087c44-9181-4394-8bfa-07ca1fd5efad
LANDO CHILL,4f74e4d8-09eb-42b1-a6e0-a3fa998ad38d
LAST RESORT,1b6f7d1e-5e9c-4129-8a4c-f49015b0a1d5
LATRUTH,d796a05c-5372-44cd-829b-61e115886f31
LEANDRO MATOS,42279136-b4dc-4a62-9ac2-74e118aaa702
LECRAE,ffe54de6-5cee-4c0f-8329-f5946f9bc3ff
LEMOUZ,d8e5391f-bcc2-4287-a75b-7ba0e1e74e5b
LENA STOEHRFAKTOR,e5a8ef94-5cab-4aa0-9c37-73603f04e6d4
LENNY MARTINEZ,b9da21ee-a20b-42dd-beae-3d9afcd39cc3
LES GRANDES GUEULES,98d51ca9-49aa-4c18-83a5-6f495b15400e
LETHAL BIZZLE,1155431a-d35e-4863-9ae0-e3c24eb61aa9
LEWIS PARKER,827136e7-a3fd-4b1e-bb47-a81fc4ccd73a
LEXX PROJECT,5bcf2771-4481-4c6d-81be-fa07f307e6fb
LG,51aa5ebe-4c05-472d-a756-6d7c85040260
LIFELINES,63508e6e-cdc2-4eba-9890-eb22277d1fa1
LIL' WIL,f14b789a-68fc-455f-9b8f-39121907e2d1
LINEATH,8d300c3e-b76f-4886-ac51-f510d2faff48
LITTLE BROTHER,b929c0c9-5de0-4d87-8eb9-365ad1725629
LMK,36988e27-9fbd-475c-8b9f-dd82b9494ab8
LORD FINESSE,bcd09d6f-ee04-4418-a39d-4ecb57747116
LORDFUBU,57bf084c-b811-4196-8d48-120fd1484ceb
LORENTZO JÖNSSON,db17d833-c48b-43ba-b721-080d195d1f37
LOWKEY,0d0fc843-a6d4-45a2-b87f-e1cc7780cd95
LUCID THE ARTIST,1476654e-0764-4723-b696-931a195870e3
LUDVIG VAN,6a769d3e-0221-4a1d-9a34-d049df4b3af7
LUSCIOUS JACKSON,8be5d1de-e925-4e9f-b410-6d702cd8dcaa
LUTHER CAMPBELL,fc45001c-17e0-47bf-8d9b-00a16d402742
LV,49cc05d4-e095-491e-bcf4-395371ae6760
LYGNE 26,742b995b-8c85-4eba-9ee7-72ff6b2e56a1
LYKEZ,d197247b-27ec-4cd9-ba3c-96bdfac00c26
LYRICALLIGRAPHY,38f5e9e0-188a-465e-95a1-af184af6b5ba
M‐1,beafbe79-3a73-4554-b9d0-0599ab02ff9a
M.E.M.,694b4285-8437-4989-8a55-7e8ff1fdb41a
MACC DUNDEE,8071947a-1d77-4e29-86d9-b9894b540942
MACK BEATS,8558a0fa-4cb8-4769-8449-b466b41aa743
MAECKES,a0e6b75e-c27d-4d51-b388-a9ff0a85fcaa
MAGIC JUAN,b435c687-341a-4912-b34a-d74cc1a58a65
MAGIC SWIMSUIT,675cc933-e730-46f4-9d39-f262487db82e
MAKAI KEYES,4d81587b-b8ac-4621-9fea-3849d192a0ed
MALANDRÓMEDA,4089db6b-5701-495c-99fd-8bca1e58f015
MALIQUE,ae085b2d-7e84-4dc1-a9a0-19c048d6a0b0
MANHAND,1670a006-f1c3-4bbc-8ae3-27811a50dd49
MARCUS ORELIAS,ca2b3875-5274-4115-912f-28c66f1762b4
MARI,f6dd4e51-cc73-41ec-8eda-e6912d0ecaf4
MARK B & BLADE,4ad39376-d652-4d8a-92f8-d8d911d14837
MASIA ONE,aa758044-c76a-40be-8ee4-a0e625c00284
MAWAR BERDURI,698f0f96-1d02-4a57-b0e1-a7e7877787c3
MAYOR BOSS,eca3d6d0-c230-45da-b8ff-b72fbc71d41d
MC BEE,5152d0c7-e583-466d-aa9a-dcc9c1e98c6a
MC ELOOPS,21d9ae68-df9f-4e24-b82c-d8d07e2ca73b
MC FÜBB,a72805d3-02fa-4454-8302-2d1dbc230409
MC MOE,637cc70f-1c6f-4a81-9177-f16a4145651d
MC SONY,09f55e4b-2456-41e8-b5b9-63b92105eded
MC SOPRANO,e226faaf-5d58-4826-b339-ad3e09645927
MC TOY,6e9109ff-ddaa-496f-a969-8ff4ff663c2f
MELLOWMAN,6a863769-714c-4cd2-b6f3-574e9574a4fa
MERLIN,0c0fe307-fc91-407f-b372-120ce587dc91
METRODOME,569e412e-d464-499b-88b0-97b74a35aa62
MF LOVE,778cada0-d86a-474d-905f-70a120a10127
MICBANDITS,5d8e5865-1e33-49f9-b0da-f6eeabf2889f
MICHAEL ASANTE,726e6dec-d8c9-47e9-849c-b5e6b67c1d28
MICWRECKA,ddf7dfb6-466a-47b8-8e6a-2bcce096d1d2
MIGO,f57efc5f-830b-4cd5-b5ba-7083584d6cdf
MIK'YA,e26903cd-aa58-49db-a61c-efb45c155f5a
MIKILL PANE,92351dab-ff32-4257-a298-538676e37814
MILAN,c17b19af-12e5-4f50-a33c-35a29f1f8010
MINDLESS SELF INDULGENCE,44f42386-a733-4b51-8298-fe5c807d03aa
MING THE CHIN,76e34028-96bc-4864-8fb9-33c0d88c2ea7
MING XIA,2bc9e425-5a95-45bc-bb0e-ebaace08c330
MISHA B,7e1e34c0-6c8f-4699-849b-31cf37935a95
MISKZ EFA,5503997e-00ca-4ebc-8a59-a4cb082161a4
MIZZ NINA,b32c6153-c0f9-498a-85f8-6e731e97e427
MOEMOEBEATS,16c24deb-bdd4-44c8-b955-d02bf8efbf22
MONA A.K.A SAD GIRL,9f0699fc-161c-46ac-a85c-d81037c5e98c
MONEY MAKING JAM BOYS,c0bb99c5-2de5-4d42-990f-79fedd6b96c8
MOOP MAMA,1f73ba2e-c116-4c50-b1ff-a99bded21722
MOORISH DELTA 7,d41ec6af-c072-40c5-b710-5a340e32f34d
MOOTS,c3601789-3894-42dd-bbeb-d66694034c13
MORENA LERABA,e9a450ac-0e9e-4ce1-ad33-1b73607f9d26
MOS DEF,9f4551c6-1324-4ac5-b3fe-a5c5cfacd54d
MOSLEM PRIEST,abd20f40-854f-4d9b-a376-bcf9efb1b8d1
MR PHORMULA,20354877-e492-48fd-aa50-84fe653bdb25
MR. DIBBS,e9dec136-c3c5-4040-84db-1a469729e88c
MR. ENDO G,f749a7d4-abb1-440e-8c6c-07259208a8ec
MR. ENVI’,bf355ce6-9305-4cdf-9a0f-c5db93282890
MR. HAHN,45dcc033-67d3-46d7-a4af-75f9b248d1b4
MR. MUTHAFUCKIN’ EXQUIRE,080bfafd-55e5-45c6-aa63-a3d46c8c7772
MR. PORTER,6a4afad4-2603-4418-a6fb-c111c02813fd
MR. THING,ee91d3e5-1c9a-49fd-b238-2935c7692f8a
"MR.TAC A.K.A. ""CHOCOLATE""",83d930d2-6499-4840-9bd3-9aecda8d1885
MR.XQUISIT,0a7f813a-8da9-4836-92b6-4cfe453ecc15
MS. DYNAMITE,c0c5e158-d61d-4043-a0eb-dc6cc1e0a539
MUPH & PLUTONIC,347bf969-2d23-42a1-aa64-671737c43f37
MUSHA SOUL,59235faf-50b0-4ab1-ae89-5793e61134a7
MYKA 9 AND FACTOR,2d1a65d2-6a55-4359-9416-3b1a54f9b30c
N-DUBZ,61783f55-23be-4199-b944-e322840a1f10
N'ATIVA,f8eb2300-4425-4793-b4d0-04afeb7049ea
NAIM IORDEN,bc6198b5-205a-4dee-ad34-87031453e2e7
NAQIB,1775d798-d30a-47cf-b8af-1662e1c5620c
NATHAN FLUTEBOX LEE,65d609dd-e927-4133-a2ba-37e999c129b6
NAWAWE,1323b1c1-27b1-4313-9eaf-7faa20e91bc6
NICKY DA B,6078d3a6-995a-4673-a1ce-a2767a00618a
NITTY SCOTT,9bbb1c10-f00d-45d9-b3e6-9a6b35edde72
NMN,0c9552a4-e337-4bc5-bbf2-28083b38e484
NNEKA,271973a1-7177-4bcf-9a01-ac75d3691035
NORIKIYO,39ba311d-6668-49cc-a0c1-b73fc73c5ada
NOVACAIN,6b3c1326-3799-42be-8b0b-7733b6f8a6dc
NUTTY P,fe81e865-2e9a-44c9-b502-95180a21aae1
NYMANO,36c574d4-529c-435e-88e3-bc7dcca1f4fe
O-MARZ,ef1007db-13f7-4db0-9b97-ec2df9022288
O$KA,60fc4bcc-a864-4cd2-bdd1-ac6bd80c20c2
OBSCENE LOCALS,d909e60f-6cf7-450e-9a3d-deb783227752
OMAR OFFENDUM,4f51fee1-10a5-4732-9b8f-a89fb03423ff
OSDORP POSSE,301a88e0-d105-48b8-af85-50cb67af1094
OSTMOB,c9b332d5-0cce-4a4b-82b9-1623a9c73159
OUTLANDISH,442e5e86-6151-41a4-bb6d-2e97b62f5e38
OXY.GEN,07d89681-7375-42ec-8b35-8159e1b3172b
P.A.F.F.,e9033ed2-f89d-45b2-8065-2ffa34f28316
P.C.T,980a53c3-4ea6-4bdc-92c3-c097b0b192ed
PANJABI MC,fbab6da8-e1e4-4927-b669-502a6e37a8d6
PATRICE LEE,48be89c3-0831-472e-8c3a-82a399eb11d2
PEEPING TOM,4caec583-cdcb-437c-af84-8797b11b6807
PEEWEE LONGWAY,022a76e2-429b-4c88-8736-005003ee0f26
PENOMECO,60df792c-a06f-4fa5-b0d5-94d44a8d8bee
PETE ROCK,39a973f2-0785-4ef6-90d9-551378864f89
PHEN RAY,125f55ed-f388-4f46-8ca9-75f5003cd7a1
PHI-LIFE CYPHER,f4b8876b-e450-4957-852f-e51c2a225a2f
PIGEON JOHN,31824f36-753f-41a2-b191-8b38b7dca273
PLANET 55,52d806bb-3962-4c6a-87a3-e4780c9f02de
PLAY-N-SKILLZ,4f23a011-5a20-417f-bc20-6497677ca244
PLUM',d0f8cc34-46e1-4958-a6a4-4799e989afe4
POETIC AMMO,ecca0db7-7d78-4368-8490-0c36802974dd
POINT BLANC,536365eb-c2d8-4ebb-a958-9b3b047a03a1
POP SHUVIT,6277c674-a9c5-4396-a992-6e155d6574ef
POSTMORDĘGA,eb2eb844-fe7f-4384-bd7e-34ccab602dbe
PRICE,6ed18869-c67f-430b-a2ab-b39844b2444e
PRINCESS SUPERSTAR,1524122d-ad9d-48e8-9d02-f7eaef15bef9
PROFESSOR GREEN,7684f1ee-2154-475f-b05d-608c91a0e3e9
PROJECT E.A.R.,d8d86c00-406f-420e-8219-65edc5dc112f
PROJEKT OSTRY EMADE,233fa8c6-755d-4514-9621-04f0e36501ca
PROPER EINSTEIN,bdc0818f-354c-4615-866c-1c41472f6177
PROXIMAS,cce92be0-793b-42c9-b23b-407a1cfc5acd
PSYCO M,394f3bee-abcd-4ea9-9cef-efe499db6e95
PSYKES,4b136bcb-bd23-439f-8935-9eb4137a4449
PURE DOZE,5db96272-1bdd-43ee-b8c0-49e81569572d
QRED,174c2495-adfd-4be3-84a4-0c0c42c9ceff
QUAKE MATTHEWS,62b11497-9bf2-4a8e-8be5-4c36d638b969
QUARASHI,bf4a6bdb-fc21-4f04-8a3e-5341b5485a7d
QUEEN MARILYN I,c21a453b-5272-4175-9701-97922679e2d4
QUMRAN,d663d9d5-59cf-48bc-83a2-3fb3ae16d42a
RAG,22955764-5707-4ecd-a730-fcc2efd3093a
RAINE WILDER,23360ac7-9aa4-4edc-91d2-e491c4fa3edd
RAK-SU,717f1127-d79a-4b55-a675-6d7e2ab0b25b
RAMAJ EROC,d1a22959-e99d-442b-8ae3-9be8af893f11
RASCALZ,093d8839-950e-4a5f-a946-55199c69b3bc
RATKING,d3c9f0a9-46ea-4263-822c-d56e4b4c56d1
RAX,6c4dce68-3762-4c6c-8794-9802ff0abe0e
RAYMOND GREEN GRITTY,b4507d4e-4fb1-4681-b446-63d2a86bf7fa
RAZ FRESCO,c472e917-19c3-4da3-a874-a7a38eff7055
RAZASTARR,0c03ac87-f624-4cb8-9e9e-380d19663453
REAL HIPPIEZ,44b20506-6062-4568-ad20-1f9c52449f7f
REALM REALITY,ab6c357f-8e37-4613-8131-17c986384530
RED SKULL,448f687b-1b57-48d6-949e-eac9d1994e91
RED ZONE FAM,bccbe07b-878b-4772-848c-1c7da8cea739
REDMAN,1f1f6737-b930-46fc-8d25-110bb99f7490
REEFA,07bbe763-159d-4f98-874a-c67235f1123f
REGIME,45cdf9b5-d42b-4aa8-a8df-0dbaf4d34d97
REYKJAVÍKURDÆTUR,48f5e1b7-5ad2-4fe2-a328-6fedb79d18af
RICH KIDD,f92ae0ef-6bb4-41eb-8fb7-8d15006be07e
RICHARD NICHOLS,29181727-a888-431e-a6c5-bd7f4969a318
RICK RUBIN,07aebfa0-55d6-47e0-a284-12330e3eae0d
RICKO,d61586ae-300f-4645-b379-ec0181bf9762
RICOCHET,1061a259-2d43-43a8-a537-3b794cd8df83
RJD2,1a120ec5-35b3-4f3e-aa49-7201550d9feb
ROBERT BLUE MOON,fe6a4de1-9815-4e2c-9b6f-2fa3ed0cdcc9
ROBOCOBRA QUARTET,6cd83f02-ced2-4828-a0eb-98d97bd70ea1
ROCKFAM LAME-A,e74a4483-4335-45a5-8a4b-8a9795218e47
ROCKY RIVERA,efc25018-298b-49d2-9835-7e0f8c82dff8
RODNEY P,709f7f91-5b06-4e8b-98f6-ac74bc2d428e
RON BROWZ,4395052a-9b7f-447b-ae9f-6753cc0501d9
ROYAL,1f5cc55a-c964-4993-a6f7-5b76abe7c4cb
ROYALE,3c16f2a2-87d3-4603-bac8-86e922346a17
RUBY IBARRA,b4eed615-abb4-4ba8-bb74-ba649a881f6a
RUSHDEN & DIAMONDS,31cd299a-a4d9-4bf1-9f89-d3630b1c2057
RYAN STINSON,0d041170-c997-4c0f-aa91-9f5bbe6af7ef
SABRINA JOHNSTON,2ca8157a-7de6-4a62-8e62-5e669e2daace
SAFE NEIGHBOR,d1438670-9ee7-4d84-bc16-e24b53a9f1ae
SAGEINFINITE,314b75dc-7735-4637-8dfa-ffc7ddda2300
SALAM MUSIK,f19e0e32-2615-4c3b-a313-db742f6c2842
SAMUEL ALEXANDER PIETER,ebd51fcb-9f65-437c-a6e8-0a64388557b7
SANDY & PAPO,2e751973-74fd-4f20-8c29-299bb29aafdc
SANGO,150aacdf-a15f-46b8-8a99-25cde68e90de
SAUKRATES,0cdfc946-45f2-4819-bfc9-985c83611555
SAUL WILLIAMS,756cf672-d4ae-4470-a3af-a43d776a211d
SCARY P,6ce3580a-ec53-4621-9f4e-83ac55a03953
SCHIZZOW,c3058ecb-5201-4deb-923e-ff8aaa272cc2
SCRIBE,ff289756-b5c6-4e0c-a183-c098cb8cbf23
SENATORS,33383d87-6378-48d9-93bf-bc42a70fa755
SHAD,15d58b2e-63f9-454b-845b-397dc443f17f
SHADIA MANSOUR,39d9d048-a39c-4e7c-93d2-d827cc2c3782
SHEEQ LUNA,258b895b-b2d4-4dc3-b204-58536bd04a0c
SHIGGA SHAY,b520be21-ec0e-4fda-8dd9-98c2fb3a7369
SHOMORI PASS,49f4f0d3-b0b4-47dd-81e8-fcb1b8014661
SHOW N PROVE,e759106b-ad0d-4dfc-b89e-7af25eb21670
SHUX,3da7c19e-9e09-41c3-8420-d834f6c95f51
SILKSOUNDS,06cdec18-2d80-4d87-9714-0026c6e58b3f
SISTARS,ba5cd5d6-e0d4-4bcb-bf41-3a5c8cbb65d1
SIXX,b5c99cc6-8893-441a-8842-c4d490784ea5
SKARIBAS,338eb447-f2ae-4c24-b589-0f87f840796a
SKEPTA,38474d18-9204-4f60-a137-1fcc6750b869
SKETCH WILLIAMS,9b3b48f3-c96e-45f0-acee-0db3e805f2b1
SKS CREW,43e8db97-70a1-4f35-99d5-329f948e22e2
SKULL N TONES,e9b91ae7-08a7-4364-9fc4-8b00411087aa
SLEEPIN' GIANTZ,f12292db-fd91-4689-aeb3-571287c951dc
SNK,811e050a-d366-4de8-8804-bc4c01bb92b6
SOFA,523bb001-f719-480f-a743-2506fb9e35ac
SOLYSTIK,2673cdc6-a852-4808-8caf-4769319d99a1
SONAONE,97ea668d-9e42-423c-9bad-e79fd20b365d
SOUL KILLER,5aa8becc-8d8c-4991-b6c0-55ec1987e4f3
SSHÄUPTLING,ea5e17a3-61e0-4e61-a77e-49237a015e4a
SSK,9e9ee39a-cb76-45cc-aaaa-4dfb94094dfd
STANZA,f1a4b485-daf5-4aa6-bf4a-79a8c68f362e
STAYBENT KRUNK-A-DELIC,52154aa3-5657-4e71-99a2-fff17cdff2ac
STEADY TEK-NICK,78d1aadb-d6ae-4c4c-90be-7d0b2a293cb8
STF,b95f0f1c-7d72-4d03-ab2b-ec5002ed56e6
STIEBER TWINS,546c5cae-1423-4eae-8a8d-27f7adfc7e9b
STUDIO FLO,91706aa2-4fb3-4ff5-a0fb-814923b0d2c8
STYLAH,92001c20-9618-4a85-b163-e9089a51b1d4
STYLUSTIKS,97d12ce4-6dfe-47c3-91ed-97eeb74f0a3c
SUBOI,95fcca80-b520-4ffd-aef8-aa42df001259
SUCHAR,9cbd5723-4311-489e-9cfd-894946c38871
SUFYVN,5bb43eaa-7d2a-4a81-a447-13b249f1bda0
SUGE,31822e33-6026-4c5f-925b-6c1fc2f390d2
SUHOV,9f1acea7-6245-494e-b639-75f8bcbb9bc6
SUISIDE INFERNO,96586bd1-cc79-4b01-8775-3886c15c27eb
SUPA MOJO,fc2bc47f-cedc-419a-a3dc-522e9a2e8922
SUPAFREAK,a4b2cafc-9b04-4fdc-b88c-bd34243a1154
SUPERCHICK,ebc20f18-95a8-4bc7-b123-e95eaba7044b
SWAY,f76e4bb5-842c-4ece-961b-4c162ad3bb47
SWISS,08743900-002d-4356-b076-5ab47e790768
SYAHEED,3a65bfb4-aed3-4ede-aa00-71033a05cbc4
T-RAPERZY ZNAD WISŁY,ab22791c-43ae-4a36-b4b8-06a7c0597cf6
T‐MINUS,1d01b5f5-182a-4558-a057-2f3a109cdbcf
TACKHEAD,aa04539d-f6e1-4e9b-bee8-d36a99b56c29
TACTMATIC,86212dd6-dd4b-41cd-ae28-585699f1e0b4
TAM,48a0ebed-9b6e-4e73-866d-8eb2b8a9e86b
TATSURO MILLER,57c52fc6-a02c-4d32-872c-79874f7c6ff8
TAZ,ec489eaa-db5c-433b-9974-ce4febcf562d
TEH TARIK CREW,6d5cc9f1-0715-4e63-a137-a85ea135aaca
TERRA FIRMA,9bcc8cc0-a402-49d6-ae61-a2c556c68261
THAGATANEGRRA,c33b3669-2346-4dfb-a14f-1170664c320a
THAITANIUM,9b7f6e0f-86d4-412c-ac1c-709e4d5c772c
THE ARAB SUMMIT,a8642166-9c17-4904-a02a-6aa855fb3596
THE CARAVAN,ee45d377-afda-4b15-b8fa-591d9eea3e6a
THE COUP,846e89f6-6257-4371-a26d-de960a60bec5
THE D.E.Y.,01a85667-c8ff-40fa-9bb2-38e428d993de
THE DYNASTY,b14fd489-a835-4e1f-92c0-0cbaf0ad6c3e
THE FABULOUS CATS,3fe84352-9be3-4d60-8c57-923eae8f1ca9
THE GO! TEAM,8a396a9c-2e4f-47e2-a587-c26e93a0953f
THE GRAND NEGAZ,6078476c-6625-47f8-86cc-a3dec76eeaae
THE HERD,1f27b38b-eb34-4545-8d8c-f33b9015fa05
THE INFOMATICS,09630f39-1adc-48e1-a67b-f3ca576a92aa
THE JACKA,71ae037a-d95f-4bd7-aa9a-dd557a7d84ae
THE LONELY BISCUITS,00440461-23c6-45ec-a018-ecabe1460280
THE MITCHELL BROTHERS,65d3515b-0b13-4a33-846a-b87dd97c4414
THE MOODS,79142b9c-1e17-4caa-853c-1cd63e95445a
THE MOVEMENT,d3d767d2-7338-4237-89cb-43836eb15a83
THE MUSIC OF A. CRAZE,f9e20199-a8e4-405d-bc9b-8694d1d743ba
THE NARCICYST,88d4b5c6-c229-425d-8039-3fd0c0f74ad3
THE PASSENGERS,79bb1719-11e1-4960-8f24-d3fdc1b977ea
THE PSYCHO REALM,6531928e-692e-45f8-a7c5-8050e4d0573f
THE REBEL SCUM,574b0159-3bdc-4382-8f47-6cd2e2ea9e00
THE SLEEPWALK PROJECT,2bcc32ee-61a2-40a6-aa33-96a99e70a5ae
THE SOULQUARIANS,d01b0368-707a-4469-80e7-2a5aed5b9024
THE STOW,e5874ad4-92de-4c1b-935e-9de0e6d818c5
THE STREETS,6f607087-9c46-4bb2-a884-e4efc764554c
THE TERMINAL GENERATION,19efc978-2329-4a54-b9b7-c000fdddbdaa
THE TONGUE,10836b72-027e-423b-8648-bfe4d9a77c80
THINKADELIC,51cfdb07-3968-4cf5-a1ed-43159d776aa0
THOMASTEKNO,654f55f4-36b2-4dca-b3e1-188c757fb876
TIJUANA,b823c04d-0439-4926-b5ef-aa6349946b1e
TIMES NEUE ROMAN,6a809d91-c397-456a-a0ed-9c72765a0a7f
TIMOTHY MCKENZIE,507d4aec-2e01-4ca9-8cbb-e911498fb0ca
TINCHY STRYDER,9e2990ab-4d3d-4fb5-bd9b-1252440f043a
TINIE TEMPAH,3cce3d37-d44f-46a2-b1e3-cd7247d5015c
TOM MARLOW,e531c1a7-aa6e-4c7c-aae2-c319d262b47e
TOM YUM SAMURAI,a1f5b607-2619-4bab-8829-9c83d5b6b23f
TOMMY EVANS,9b7ec53c-dba9-4984-9ab8-7cb7f5b3fc12
TOO PHAT,fefc0114-a5ab-47c6-8032-a39b889866fd
TOO STRONG,863ea404-0977-4f9a-9851-0636bdbffb23
TOR CESAY,e28de1b7-68c8-4c11-beec-bceca4725567
TRIBEQA,592668d2-b3f1-4e98-aa1e-9923e0ff964f
TRIPDISZ,50cfe23a-6f8d-4d4e-a2d3-c69d2c88b916
TRIX,429bffec-2a35-426b-ac4d-fb3c931271fc
TROY CAKEMAN,9562616d-2fb9-45f2-8535-ac1d6e4a3008
TRUHVAS,d2e2aa37-ce14-4b5e-bdaa-9eb3e806ea8a
TRUTHOS MUFASA,ca2587cb-3839-424e-ab5e-7b64a79eff35
TTWWRRSS,b6afb3a7-58eb-43bc-b0ce-4cc4828d681c
TUKANG KATA,2b89b860-8206-4678-8646-19382719ce6e
TURREEKK,e232793c-0d62-4a44-bfb5-291dcd70e43b
TWISTED INSANE,898875fc-aeab-47fa-9f29-553989c06104
TWIZTID,cbf882cd-5fb3-4324-b212-32ed0b985ba8
TY,https://musicbrainz.org/doc/Edit_Types
TY LAW,7db0f14f-da15-461f-ab95-a05388e8e438
UNO,7be2a95d-5158-47aa-ac78-dfe299c4feb9
USEPHASAN,16d8e00f-ccd4-478c-8ac1-9c144f74b0d0
USMAAN,d1d26d3c-b217-40f7-87ad-e8da47fd4a65
VANDAL,7ef13ce7-d278-4d46-81c9-4919782cd4a0
VIBONICS,9dc452e6-4b9b-4cc6-8584-184cd639eeb3
VIRO THE VIRUS,34fb207c-a4c9-4043-8b25-a7714bb51db9
VISMAJOR,66a1f3d8-9f76-4ab8-a000-6b5b948271e6
VOODOO TRASH,91b78205-c958-4881-8079-bbd2dc700b84
WAQAS ALI,3d912820-8116-49b9-ba45-17f7ed45a0b0
WAY,936bf619-5364-4b73-af3c-df3a924c2717
WEBSTER DEATH,be8cf941-cfea-4c26-9cde-70efd06c25b6
WITCH HOUSE,56475e8b-8cd5-4ecb-93dd-5b12584534c4
WOLFPAK,5a51b6e8-bcce-4acf-aa68-94552f7be0c2
WONDAGURL,b432152b-ab35-40eb-916b-dc8d1559046b
WORDSMANIFEST,44588ed6-86a2-42cc-9dde-71c797ecbc4c
WRETCH 32,9a3b2d4a-2da4-49c6-9ab3-c680434dbabf
X-CLAN,5e2a533a-0d23-4b6b-9488-822f7e3b0b8e
X‐RAIDED,6c7aac91-d780-4c24-9700-590c69f1c8f9
X'SCAPISTS,f2117eff-0aa0-4d4b-b888-0e854a23323d
X'STATIX,b3836317-e8f4-4a72-86c6-d1f90e86b2d4
XLBARON,309662ca-747b-4eef-9771-0007986c532f
XPLODER,26d9bcc6-729d-45f6-9870-cce25a060528
YA-KYIM,4e439ba2-f6e8-4ef6-a0a5-0357abbbbc40
YABAMM,0592f783-16dd-4c20-a119-fa5d6039f002
YANDEL,3d291f48-a8be-4113-baad-c73618a7897d
YARAH BRAVO,5310241b-71e2-454e-8c04-6fd2f6a0f4e6
YARO,a8428c59-15b2-40c6-83f8-47bf7d835b8e
YEAR OF THE OX,179a37a9-4b4a-427b-8c01-8f3c0fe22b19
YEYO,b11a4cd7-be8d-4e26-bca9-fe381d4354e5
YG,6b1cf581-17a9-42c3-927b-d1e2797b1695
YIN TS'ANG,2a961ec3-e5b3-474d-9298-812da4051852
"YO, FLACO!",ea7c0541-8a01-4cec-af75-08dfe5a81ee9
YOGI B,12e97b1a-8814-4e91-92c3-24f7ec2e098d
YOUNG BRAISED,0a2e17d2-9d38-40e9-bf2c-bb9c35fc9c0d
YOUNG FATHERS,24aa5c20-a275-468a-93a9-b3d96b344b6c
YOUNG GUNZ,41762041-1e55-48c8-8f77-45e342e52ba9
YOUNG SAM,b0dcd33d-0f95-4b93-a3d2-846d5e5add48
YOUNGBLOOD BRASS BAND,31cb332f-4561-457b-9aa8-7983c7e7bca5
YOUSSOUPHA,6fabf3aa-1822-49f2-b6c7-57560464696f
Z-RO,36cf5c5e-14fb-42c0-a232-56bd449a81df
ZANE SMITH,547d3a7e-670a-419d-8b71-a5437dba33fd
ZAUNTEE,ad1eceb6-64f9-41d1-83c9-a980bedcebc2
ZED PEACE,9c3cec74-9791-42aa-993e-b5a267ccb44f
ZEN DEATH SQUAD,9e4f2e41-525a-46a3-b2d0-0beed068bbb7
ZIPPY KID,6b656576-9504-432e-823d-8920139db2f0
ZOO LEGACY,bba8ecbb-2e11-4f96-8e3b-028b59cb6a9f
ZOOTAK,e13be94f-6bb1-493d-a523-9400539fcfb4
ZU ND ODYOFILZ,1c56a6b7-b24c-4499-853b-1992696a2ab5
ZUGEZOGEN MASKULIN,5253c841-021b-4847-a80d-3821bc30bf0b
ΚΑΤΕΡΊΝΑ ΣΤΙΚΟΎΔΗ,bb742b56-3aac-4935-bbe9-96c32a688219
ΟΔΥΣΣΈΑΣ,7523d5ca-fab8-4546-b8dc-4a6430c73a93
ΡΑΨΩΔΌΣ ΦΙΛΌΛΟΓΟΣ,e93d78ac-bacc-4e14-bdac-675fd846d6c9
ДИСКОТЕКА АВАРИЯ,8a0efc57-d9ea-452a-b2ce-55cffc7a9784
КАРАНДАШ,89e9489f-a49d-4480-921d-43837ad73e67
МАЛЬЧИШНИК,f1617d3b-65a7-486b-8823-cb0f81a66312
НА ВІДМІНУ ВІД,b02e1770-7bc0-4a1c-861e-a61b8f5ece80
НЕНАВИСТЬ,68f2428a-1eca-4b09-b503-8c927c7375bf
С.Т.Д.К.,e6ea54ad-ebd6-4a1e-9e46-25cc430a056d
СЕРЁГА,8178a020-3825-418d-9c94-e9a103acb686
ТАЙНЫЙ ЗАГОВОР,08cb0596-e18d-4651-ab12-23fea5623410
Ю.Г.,485111e2-a1e8-4a46-bf3e-a073f005b28a
윤미래,d2faa4dd-f3fc-4aa9-aa9e-001826d6fdd2
摩斯特,37e9e19c-41a9-4345-a6c3-8a93f388ee65
焚巻,e0ab535f-ab9f-43fb-97bd-0705636a0651
50 CENT,8e68819d-71be-4e7d-b41d-f1df81b01d3f
A TRIBE CALLED QUEST,9689aa5a-4471-4fb4-9721-07cecda0fa9f
ADAM TENSTA,ecbfb0f0-7aef-4493-8341-a054c4bb23dd
AKALA,315856f7-2f28-4fb7-b2ac-cc019749da1d
BAD MEETS EVIL,87f27b14-cbd0-44ea-93a3-6fead5cb45e7
BASHY,9452e740-00f8-4941-9214-a0a6f265f2a8
BIG BROVAZ,49174736-2f92-48a1-841b-dff2ed74b835
BIZ MARKIE,48b48175-5ffd-49a2-88e2-ca84118544ca
BLACK STAR,02708fd6-0fe6-4738-a27d-0561ace8b4c6
BOOGIE DOWN PRODUCTIONS,ff7466a5-c538-4d2b-8450-54f11b20f2f4
BROTHER ALI,e0b267df-9e16-4fd3-abb2-b47e61e7a2aa
CHAOS,6217c9bd-a0e6-4ee4-83aa-c7357867b0ff
CHRIS BROWN,c234fa42-e6a6-443e-937e-2f4b073538a3
CHUCK D,88633ac3-c8e2-420f-8415-77ac56b3105f
CLINTON SPARKS,151852d3-ef53-432b-8817-6c3227cbde60
COMMON,c0a1179b-b14a-4d68-a3c1-1fdab16ed602
COURTS,64b4de86-1c59-47dd-9d8c-8d18e99f52ad
CUNNINLYNGUISTS,69c4cc43-8163-41c5-ac81-30946d27bb69
CYPRESS HILL,51508c1f-8d07-4a00-9cf1-26c570fe7b78
D12,9ab19acf-06d9-4c92-bd5a-8c945488d45b
DÄLEK,4f2c4842-f90f-476e-95d3-8e868ae4d745
DIDDY,cabb4fcf-4067-4ba5-908d-76ee66fcf0c6
DIZZEE RASCAL,1a99cc88-aea3-4fe3-96b9-20791667f65f
DJ KRUSH,38d16213-25ba-450d-8665-4e08548e62e3
DJ PREMIER,084e06f5-3c82-4b71-bd94-dd69e7bd515e
DMX,f3bf61f8-97d4-4e52-a73d-2ddbbe8196c8
DOG,1af89786-df38-4783-b3db-b2a5eaf4f81d
DOUG E. FRESH,029c683d-4e0f-4264-a563-ca7743b33b07
DYNAMITE DELUXE,a4da9933-1e43-483b-98d9-8b1a32a698ad
FIVA MC,c315e92d-007d-4b06-9a04-832e7f9eee87
FLOETRY,bd74fb1e-9cc5-46d2-ac64-d44c358db201
FREDDIE GIBBS,21645c31-fe1c-45a4-955c-3e172b12c3f9
FROST,a33dcd11-f2af-499b-8992-578068025334
FUGEES,ea321799-9b1d-4e74-a074-a5facf597d82
GORILLAZ,e21857d5-3256-4547-afb3-4b6ded592596
GRANT & TARA,43be5600-fb47-4176-a420-f24c88e80b38
HELTAH SKELTAH,c9f667d8-2da2-4aea-81cd-a42f3affc560
HERLÉO MUNTU,46057591-15f1-4d13-80f4-68b8085b2e22
ICE CUBE,1d11e2a1-4531-4d61-a8c7-7b5c6a608fd2
J. COLE,875203e1-8e58-4b86-8dcb-7190faf411c5
KANYE WEST,164f0d73-1234-4e2c-8743-d77bf2191051
KENY ARKANA,f97c4058-cc2b-43da-97e5-96bef7e55f40
KOOL G RAP,852665bd-7089-4119-a77d-251162346b4c
LIL’ KIM,bc1b5c95-e6d6-46b5-957a-5e8908b02c1e
LOST BOYZ,8b70d4d9-b3d3-4a99-8a95-96ee59f12140
LUDACRIS,0638ba22-040f-438d-83a5-9b670c4adaf5
LUMIDEE,0fc6441d-ee08-4088-8a70-1d6ed2ad5a35
LUPE FIASCO,cf15719f-51f9-4db8-a15d-5eed9664ce69
MADCHILD,9d952001-c886-4ed3-b971-568e79d83607
MARK RONSON,c3c82bdc-d9e7-4836-9746-c24ead47ca19
MC LYTE,fac552dc-55e5-498c-818a-c278f1e02a75
METHOD MAN,94dbfe2e-ca48-4e08-a5a8-e1e74136c63d
MF DOOM,188711ed-c99b-439c-844a-ca831f63a727
MOBB DEEP,d75d1f08-bbb8-4eae-9877-399ca9121197
MONICA,af84073d-3b6d-4390-9d3f-bf65a91c824f
N.O.R.E.,812d3015-2f4c-4fa7-bd7d-30ec4beb2c82
N*E*R*D,3fb49f5a-fdc0-4789-9c84-22b38b3f3cb5
NELLY,811900b2-68fc-4d41-8bad-69b7a1f4d628
NICKI MINAJ,1036b808-f58c-4a3e-b461-a2c4492ecf1b
OBIE TRICE,c0f98b1d-1133-46d6-ab05-723a95cb5453
OL’ DIRTY BASTARD,d50548a0-3cfd-4d7a-964b-0aef6545d819
ORGANIZED KONFUSION,cd3f07e8-7047-418c-a325-d2028ee1b8a0
OUTKAST,73fdb566-a9b1-494c-9f32-51768ec9fd27
PEOPLE UNDER THE STAIRS,3dc00dcb-6106-43d1-b48d-21d236f53983
PETTER,798d2454-7c77-47b9-8891-ccc140b82796
PHAROAHE MONCH,a4d62ced-2f87-488a-9c76-ab88ea7a2cbf
PRINCESS NOKIA,4b93ee9e-e39d-4036-9527-551b2236f5af
PUBLIC ENEMY,bf2e15d0-4b77-469e-bfb4-f8414415baca
Q. TONES,cd6c977f-d7dc-4486-8fb2-81d24a3071d7
R. KELLY,c2d25856-a09a-4d15-b404-77dd19c19e63
RUN‐D.M.C.,5ecc3f72-20a6-47a0-8dc5-fb0b3dadeea0
SADGDA JAMAMA,2a9d656d-6fb8-4781-9e71-f37690e678f8
SAMY DELUXE,14aa9e32-c377-4dc6-9162-2e6c67a8eaf4
SANTIGOLD,97b20fe3-0924-4a5f-9955-d0b5c5f9587f
SCARFACE,7d0b6027-8132-4417-8c4c-ef0bbf9161c0
SEBASTIANOS KONSTINO,77a7192b-e81a-4a7f-af55-d83a3094d715
SHYNE,b85791db-53bf-4847-ae63-75f279afd36e
SWIZZ BEATZ,698ff525-ff51-4206-8f08-60a7458aab24
THE DIPLOMATS,a377902f-595f-4389-aecf-a2c98111293b
THE ROOTS,80b3cf5e-18fe-4c59-98c7-e5bb87210710
THE SUGARHILL GANG,336f2e14-b064-45c8-8b2a-01663a0bee64
TWENTY ONE PILOTS,a6c6897a-7415-4f8d-b5a5-3a5e05f3be67
WILL SMITH,5bae7081-64ef-4473-825a-38d310deb14c
WU‐TANG CLAN,0febdcf7-4e1f-4661-9493-b40427de2c13
WYCLEF JEAN,4f29ecd7-21a5-4c03-b9ba-d0cfe9488f8c
JAY STONES,fe85fb56-19c8-46a8-b6cd-e6728b1d37a3
JAY-Z,f82bcf78-5b69-4622-a5ef-73800768d9ac
SNOOP DOGG,f90e8b26-9e52-4669-a5c9-e28529c47894
